app	stylefiles	dark	important	container
legal-solutions-website	2	0	0	0
bible-name-search	2	0	3	0
base-flight-finder (apps/web)	69	1	2	0
base-flight-finder (apps/desktop)	2	0	1	0
base-flight-finder (packages/cli)	0	0	0	0
client-portal	1	0	4	0
fellowship-tracker	1	1	5	0
jars-of-clay	1	0	6	0
kelly-uniforms-business (storefront)	2	0	6	0
kelly-uniforms-business (brand-gallery)	2	0	1	0
kelly-uniforms-business (preview)	0	0	0	0
text-to-spaceship	0	0	0	0
study-system (berkeley-prelim-study)	3	0	1	0
168-audit	0	0	0	0
conference-tracker	0	0	0	0
docket	1	4	1	0
vault-review-mobile	1	4	1	0
arch-gp-app	5	0	17	0
build-log	4	0	4	0
mission-control	3	1	1	0
workscope-graph	4	3	3	0
schema-studio	12	0	3	0
anna-maria-mcgowan-site	56	0	15	0
cad-forge	7	1	5	0
truss-forge	56	15	40	0
slides-workbench	7	2	8	4
marginalia	2	1	1	0
berkeley-meng	18	3	6	0
berkeley-research	16	4	3	0
operating-dashboard	2	4	1	0
idetc-writing-ide	5	3	74	0
redline-idetc	2	0	8	0
shopping-search	1	0	0	0
berkeley-house	1	0	0	0
design-worlds	98	4	42	6
project-hady	0	0	0	0
boundaries-reader	2	0	3	0
contact-form-caller	1	1	0	0
saved-posts	2	0	0	0
drive-organizer	1	1	2	0
design-lab	1	1	1	0
anna-maria-mcgowan	2	0	3	0
obsidian-vault-mirror-metropolis-runtime	0	0	0	0
second-brain-capsule-runtime	0	0	0	0
compsci-260b	3	4	208	0
obsidian-vault-mirror-metropolis	136	15	54	0
hci-260	2	0	2	0
info-272	2	1	2	0
sarah-stuff	11	0	5	0
legal-doc-studio	2	0	10	0
landry-sandbox	5	0	8	0
daily-brief	2	0	4	0
second-brain-capsule	2	0	1	0
skill-pathways	1	0	1	0
