app	repo_path	repo_kind	remote	default_branch	resolved_by	checked_out	repair_branch	repair_exists	repair_merged	ahead_of_default	open_pr	pr_base	worktree_on_repair	fv_default	fv_repair	readme_default	other_unlanded_agent_branches	verdict
168-audit	C:/Users/dougl/Projects/168-audit	outer	https://github.com/douglaspmcgowan/168-audit.git	main	origin-HEAD	main	agent/168-audit-repair	yes	no	2	#2	main	C:/Users/dougl/Worktrees/168-audit/repair	11	13	yes	1	UNLANDED-WITH-PR
anna-maria-mcgowan-site	C:/Users/dougl/Projects/anna-maria-mcgowan-site	outer	https://github.com/douglaspmcgowan/anna-maria-mcgowan-site	main	origin-HEAD	main	agent/anna-maria-mcgowan-site-repair	yes	no	3	#3	main	C:/Users/dougl/Worktrees/anna-maria-mcgowan-site/repair	27	33	yes	0	UNLANDED-WITH-PR
arch-gp-app	C:/Users/dougl/Projects/arch-gp-app	outer	https://github.com/douglaspmcgowan/arch-gp-app.git	agent/arch-gp-build	origin-HEAD	agent/arch-gp-real-data-app	agent/arch-gp-app-repair	yes	no	6	#7	agent/arch-gp-real-data-app	C:/Users/dougl/Worktrees/repair/arch-gp-app	5	7	yes	2	UNLANDED-WITH-PR|PR-BASE-NOT-DEFAULT
base-flight-finder	C:/Users/dougl/Projects/base-flight-finder	outer	https://github.com/douglaspmcgowan/flight-finder.git	main	origin-HEAD	master	agent/base-flight-finder-repair	yes	no	23	#11	master	C:/Users/dougl/Worktrees/base-flight-finder/repair	4	30	yes	0	UNLANDED-WITH-PR|PR-BASE-NOT-DEFAULT
berkeley-meng	C:/Users/dougl/Projects/berkeley-meng	outer	https://github.com/douglaspmcgowan/berkeley-meng.git	master	origin-HEAD	agent/ai-design-tools-catalog	agent/berkeley-meng-repair	yes	no	5	#3	master	C:/Users/dougl/Projects/berkeley-meng/.worktrees/repair	2	16	yes	8	UNLANDED-WITH-PR
berkeley-research	C:/Users/dougl/Projects/berkeley-research	outer	https://github.com/douglaspmcgowan/berkeley-research.git	main	origin-HEAD	main	agent/berkeley-research-repair	yes	no	7	#110	main	C:/Users/dougl/Worktrees/berkeley-research/repair	9	21	yes	23	UNLANDED-WITH-PR
bible-name-search	C:/Users/dougl/Projects/bible-name-search	outer	https://github.com/douglaspmcgowan/orant.git	main	origin-HEAD	main	agent/bible-name-search-repair	yes	no	4	#1	main	C:/Users/dougl/Worktrees/bible-name-search/repair	9	3	no	0	UNLANDED-WITH-PR
build-log	C:/Users/dougl/Projects/build-log	outer	NONE	master	local-ref	master	agent/build-log-repair	yes	no	7	no-github-remote	-	C:/Users/dougl/Worktrees/build-log/repair	3	9	yes	0	UNLANDED-NO-GITHUB-REMOTE
cad-forge	C:/Users/dougl/Projects/cad-forge	outer	https://github.com/douglaspmcgowan/cad-forge.git	master	origin-HEAD	master	agent/cad-forge-repair	yes	no	5	#3	master	C:/Users/dougl/Worktrees/cad-forge/repair	30	41	yes	0	UNLANDED-WITH-PR
client-portal	C:/Users/dougl/Projects/client-portal	outer	https://github.com/douglaspmcgowan/client-portal.git	main	origin-HEAD	fix/app-quality-pass	agent/client-portal-repair	yes	no	17	none	-	C:/Users/dougl/Worktrees/client-portal/repair	0	18	yes	0	UNLANDED-NO-PR
conference-tracker	C:/Users/dougl/Projects/conference-tracker	outer	https://github.com/douglaspmcgowan/conference-tracker.git	main	origin-HEAD	main	agent/conference-tracker-repair	yes	no	6	#4	main	C:/Users/dougl/Worktrees/conference-tracker/repair	10	12	yes	2	UNLANDED-WITH-PR
daily-brief	C:/Users/dougl/Projects/daily-brief	outer	https://github.com/douglaspmcgowan/daily-brief.git	master	origin-HEAD	master	agent/daily-brief-repair	yes	no	5	#1	master	C:/Users/dougl/Worktrees/daily-brief/repair	4	31	yes	0	UNLANDED-WITH-PR
docket	C:/Users/dougl/Projects/docket	outer	https://github.com/douglaspmcgowan/docket.git	master	origin-HEAD	master	agent/docket-repair	yes	no	2	#7	master	C:/Users/dougl/Worktrees/docket/repair	12	28	yes	0	UNLANDED-WITH-PR
fellowship-tracker	C:/Users/dougl/Projects/fellowship-tracker	outer	https://github.com/douglaspmcgowan/fellowship-tracker.git	main	origin-HEAD	codex/fellowship-modernization	agent/fellowship-tracker-repair	yes	no	5	#19	codex/fellowship-modernization	C:/Users/dougl/Worktrees/fellowship-tracker/repair	7	15	yes	0	UNLANDED-WITH-PR|PR-BASE-NOT-DEFAULT
hci-260	C:/Users/dougl/Projects/hci-260	outer	https://github.com/douglaspmcgowan/hci-260.git	main	origin-HEAD	agent/hci-260-rescue-20260906	agent/hci-260-repair	yes	no	7	#11	main	C:/Users/dougl/Worktrees/hci-260/repair	14	18	yes	26	UNLANDED-WITH-PR
idetc-writing-ide	C:/Users/dougl/Projects/idetc-writing-ide	outer	https://github.com/douglaspmcgowan/idetc-writing-ide.git	main	origin-HEAD	main	agent/idetc-writing-ide-repair	yes	no	4	#1	main	C:/Users/dougl/Worktrees/idetc-writing-ide/repair	0	17	no	0	UNLANDED-WITH-PR
info-272	C:/Users/dougl/Projects/info-272	outer	https://github.com/douglaspmcgowan/info-272.git	main	origin-HEAD	agent/fable-fieldnote-20260908	agent/info-272-repair	yes	no	3	#15	main	C:/Users/dougl/Worktrees/info-272/repair	9	12	no	11	UNLANDED-WITH-PR
jars-of-clay	C:/Users/dougl/Projects/jars-of-clay	outer	https://github.com/douglaspmcgowan/jars-of-clay.git	main	origin-HEAD	main	agent/jars-of-clay-repair	yes	no	6	#4	main	C:/Users/dougl/Worktrees/jars-of-clay/repair	5	21	yes	0	UNLANDED-WITH-PR
kelly-uniforms-business	C:/Users/dougl/Projects/kelly-uniforms-business	outer	https://github.com/douglaspmcgowan/kelly-uniforms-business.git	master	origin-HEAD	codex/mt-uniforms-storefront	agent/kelly-uniforms-business-repair	yes	no	30	#1	codex/mt-uniforms-storefront	C:/Users/dougl/Worktrees/kelly-uniforms-business/repair	7	12	no	0	UNLANDED-WITH-PR|PR-BASE-NOT-DEFAULT
landry-sandbox	C:/Users/dougl/Projects/landry-sandbox	outer	https://github.com/douglaspmcgowan/part-consolidation-workbench.git	main	origin-ref	main	agent/landry-sandbox-repair	yes	no	5	#1	main	C:/Users/dougl/Worktrees/landry-sandbox/repair	18	20	yes	0	UNLANDED-WITH-PR
legal-doc-studio	C:/Users/dougl/Projects/legal-doc-studio	outer	https://github.com/douglaspmcgowan/legal-doc-studio.git	master	origin-HEAD	master	agent/legal-doc-studio-repair	yes	no	3	#2	master	C:/Users/dougl/Worktrees/legal-doc-studio/repair	3	30	yes	0	UNLANDED-WITH-PR
legal-solutions-website	C:/Users/dougl/Projects/legal-solutions-website	outer	https://github.com/pyrgos-ai/legal-solutions-website.git	main	origin-HEAD	main	agent/legal-solutions-website-repair	yes	no	3	#36	main	C:/Users/dougl/Projects/legal-solutions-website/.worktrees/repair	0	9	no	43	UNLANDED-WITH-PR
marginalia	C:/Users/dougl/Projects/marginalia	outer	https://github.com/douglaspmcgowan/marginalia.git	main	origin-HEAD	main	agent/marginalia-repair	yes	no	4	#8	main	C:/Users/dougl/Projects/marginalia/.worktrees/repair	1	8	yes	1	UNLANDED-WITH-PR
mission-control	C:/Users/dougl/Projects/mission-control	outer	https://github.com/douglaspmcgowan/mission-control.git	master	origin-HEAD	agent/fable-conductor-20260908	agent/mission-control-repair	yes	no	7	#13	master	C:/Users/dougl/Worktrees/mission-control/repair	3	6	yes	10	UNLANDED-WITH-PR
obsidian-vault-mirror-metropolis	C:/Users/dougl/Projects/obsidian-vault-mirror-metropolis	outer	https://github.com/douglaspmcgowan/obsidian-vault-mirror-metropolis.git	main	origin-HEAD	main	agent/obsidian-vault-mirror-metropolis-repair	yes	no	4	#2	main	C:/Users/dougl/Worktrees/obsidian-vault-mirror-metropolis/app-repair	12	25	yes	0	UNLANDED-WITH-PR
operating-dashboard	C:/Users/dougl/Projects/operating-dashboard	outer	NONE	master	local-ref	master	agent/operating-dashboard-repair	yes	no	3	no-github-remote	-	C:/Users/dougl/Projects/operating-dashboard/.worktrees/repair	1	10	yes	0	UNLANDED-NO-GITHUB-REMOTE
redline-idetc	C:/Users/dougl/Projects/redline-idetc	outer	https://github.com/douglaspmcgowan/redline-idetc.git	main	origin-HEAD	main	agent/redline-idetc-repair	yes	no	3	#2	main	C:/Users/dougl/Worktrees/redline-idetc/redline-idetc-repair	6	13	yes	0	UNLANDED-WITH-PR
sarah-stuff	C:/Users/dougl/Projects/sarah-stuff	outer	https://github.com/douglaspmcgowan/sarah-sem-project.git	master	origin-HEAD	codex/sarah-app-completion	agent/sarah-stuff-repair	yes	no	5	#52	master	C:/Users/dougl/Worktrees/sarah-stuff/app-repair	8	9	yes	9	UNLANDED-WITH-PR
schema-studio	C:/Users/dougl/Projects/schema-studio	outer	https://github.com/douglaspmcgowan/schema-studio.git	master	origin-HEAD	agent/schema-sc-20260908	agent/schema-studio-repair	yes	no	1	#39	master	C:/Users/dougl/Worktrees/repair/schema-studio	7	23	yes	28	UNLANDED-WITH-PR
second-brain-capsule	C:/Users/dougl/Projects/second-brain-capsule	outer	https://github.com/douglaspmcgowan/second-brain-capsule.git	codex/second-brain-capsule	origin-HEAD	agent/secondbrain-sc-20260908	agent/second-brain-capsule-repair	yes	no	38	none	-	C:/Users/dougl/Worktrees/second-brain-capsule/repair	0	9	yes	2	UNLANDED-NO-PR
shopping-search	C:/Users/dougl/Projects/shopping-search	outer	NONE	main	local-ref	main	agent/shopping-search-repair	yes	no	5	no-github-remote	-	C:/Users/dougl/Worktrees/shopping-search/repair	0	11	yes	0	UNLANDED-NO-GITHUB-REMOTE
skill-pathways	C:/Users/dougl/Projects/skill-pathways	outer	https://github.com/douglaspmcgowan/skill-pathways.git	master	origin-ref	master	agent/skill-pathways-repair	yes	no	6	#1	master	C:/Users/dougl/Worktrees/skill-pathways/repair	1	11	yes	0	UNLANDED-WITH-PR
slides-workbench	C:/Users/dougl/Projects/slides-workbench	outer	C:/Users/dougl/Projects/slides-workbench.bundle	main	origin-HEAD	agent/slides-sc-20260908	agent/slides-workbench-repair	yes	no	7	no-github-remote	-	C:/Users/dougl/Worktrees/slides-workbench/repair	20	27	no	15	UNLANDED-NO-GITHUB-REMOTE
study-system	C:/Users/dougl/Projects/study-system/berkeley-prelim-study	nested	https://github.com/douglaspmcgowan/berkeley-prelim-study.git	main	origin-HEAD	main	agent/study-system-repair	yes	no	11	#2	main	C:/Users/dougl/Worktrees/berkeley-prelim-study/repair	6	9	no	0	UNLANDED-WITH-PR
text-to-spaceship	C:/Users/dougl/Projects/text-to-spaceship/sf-build-plan	nested	https://github.com/douglaspmcgowan/text-to-satellite.git	master	origin-HEAD	agent/structure-forge-build-plan	agent/text-to-spaceship-repair	yes	no	3	#5	master	C:/Users/dougl/Worktrees/text-to-spaceship/repair	7	18	yes	2	UNLANDED-WITH-PR
truss-forge	C:/Users/dougl/Projects/truss-forge	outer	https://github.com/douglaspmcgowan/truss-forge.git	main	origin-HEAD	main	agent/truss-forge-repair	yes	no	7	#1	main	C:/Users/dougl/Worktrees/truss-forge/repair	33	26	yes	0	UNLANDED-WITH-PR
vault-review-mobile	C:/Users/dougl/Projects/vault-review-mobile	outer	https://github.com/douglaspmcgowan/vault-review-mobile.git	master	origin-HEAD	master	agent/vault-review-mobile-repair	yes	no	4	#1	master	C:/Users/dougl/Worktrees/vault-review-mobile/repair	12	15	yes	0	UNLANDED-WITH-PR
workscope-graph	C:/Users/dougl/Projects/workscope-graph	outer	https://github.com/douglaspmcgowan/workscope-graph.git	master	origin-HEAD	agent/fable-wsg-20260908	agent/workscope-graph-repair	yes	no	3	#24	master	C:/Users/dougl/Worktrees/workscope-graph/repair	5	8	yes	7	UNLANDED-WITH-PR
