legal-solutions-website	legal-solutions-website
bible-name-search	bible-name-search
base-flight-finder (apps/web)	base-flight-finder/apps/web
base-flight-finder (apps/desktop)	base-flight-finder/apps/desktop
base-flight-finder (packages/cli)	base-flight-finder/packages/cli
client-portal	client-portal
fellowship-tracker	fellowship-tracker
jars-of-clay	jars-of-clay
kelly-uniforms-business (storefront)	kelly-uniforms-business/storefront
kelly-uniforms-business (brand-gallery)	kelly-uniforms-business/brand-gallery
kelly-uniforms-business (preview)	kelly-uniforms-business/preview
text-to-spaceship	text-to-spaceship
study-system (berkeley-prelim-study)	study-system/berkeley-prelim-study
168-audit	168-audit
conference-tracker	conference-tracker
docket	docket
vault-review-mobile	vault-review-mobile
arch-gp-app	arch-gp-app
build-log	build-log
mission-control	mission-control
workscope-graph	workscope-graph
schema-studio	schema-studio
anna-maria-mcgowan-site	anna-maria-mcgowan-site
cad-forge	cad-forge
truss-forge	truss-forge
slides-workbench	slides-workbench
marginalia	marginalia
berkeley-meng	berkeley-meng
berkeley-research	berkeley-research
operating-dashboard	operating-dashboard
idetc-writing-ide	idetc-writing-ide
redline-idetc	redline-idetc
shopping-search	shopping-search
berkeley-house	berkeley-house
design-worlds	design-worlds
project-hady	project-hady
boundaries-reader	boundaries-reader
contact-form-caller	contact-form-caller
saved-posts	saved-posts
drive-organizer	drive-organizer
design-lab	design-lab
anna-maria-mcgowan	anna-maria-mcgowan
obsidian-vault-mirror-metropolis-runtime	obsidian-vault-mirror-metropolis-runtime
second-brain-capsule-runtime	second-brain-capsule-runtime
compsci-260b	compsci-260b
obsidian-vault-mirror-metropolis	obsidian-vault-mirror-metropolis
hci-260	hci-260
info-272	info-272
sarah-stuff	sarah-stuff
legal-doc-studio	legal-doc-studio
landry-sandbox	landry-sandbox
daily-brief	daily-brief
second-brain-capsule	second-brain-capsule
skill-pathways	skill-pathways
